           YEAR,           JDAY,        PRECACC,          ETACC,         ROFACC,      OVRFLWACC,      LATFLWACC,    DRAINSOLACC,       DSTGWACC,           PREC,             ET,            ROF,         OVRFLW,         LATFLW,       DRAINSOL,        FZWSCAN,        LQWSCAN,            SNO,        LQWSSNO,        LQWSPND,       LQWSSOL1,       FZWSSOL1,       ALWSSOL1,       LQWSSOL2,       FZWSSOL2,       ALWSSOL2,       LQWSSOL3,       FZWSSOL3,       ALWSSOL3,        LQWSSOL,        FZWSSOL,        ALWSSOL,          STGGW,            DZS,           STGW,          DSTGW,
           1980,            244,  0.3256582    ,  0.6482487    ,   64.48685    ,  0.1203367    ,   64.36469    ,  0.1846203E-02,  -59.32959    ,  0.3256582    ,  0.6482487    ,   64.48685    ,  0.1203367    ,   64.36469    ,  0.1846203E-02,  0.6471391E-02,  0.7505759E-02,   0.000000    ,   0.000000    ,  0.4005704E-02,   20.06420    ,  0.1623356E-02,   20.06582    ,   60.63479    ,   0.000000    ,   60.63479    ,   464.0553    ,   0.000000    ,   464.0553    ,   544.7543    ,  0.1623356E-02,   544.7559    ,   2.724698    ,   0.000000    ,   547.4985    ,  -59.32959    ,
           1980,            245,   2.078616    ,   1.768529    ,   71.16449    ,  0.3173710    ,   70.83445    ,  0.1266471E-01,  -69.94531    ,   1.752958    ,   1.120281    ,   6.677646    ,  0.1970343    ,   6.469794    ,  0.1081851E-01,  0.2311291E-01,  0.1032458    ,  0.2691724E-03,  0.1055317E-05,  0.1157044E-01,   18.47895    ,  0.8698232    ,   19.34878    ,   59.28301    ,   0.000000    ,   59.28301    ,   447.5763    ,   0.000000    ,   447.5763    ,   525.3383    ,  0.8698232    ,   526.2081    ,   5.671147    ,   0.000000    ,   532.0174    ,  -15.48114    ,
           1980,            246,   9.192299    ,   3.150066    ,   75.31783    ,  0.5480903    ,   74.73747    ,  0.3225598E-01,  -72.54565    ,   7.113683    ,   1.381536    ,   4.153338    ,  0.2307194    ,   3.903028    ,  0.1959126E-01,  0.2797237    ,  0.1804187    ,  0.3528715    ,  0.3175350E-02,  0.3361464E-01,   19.32987    ,  0.7749420E-01,   19.40737    ,   58.41754    ,   0.000000    ,   58.41754    ,   443.0097    ,   0.000000    ,   443.0097    ,   520.7571    ,  0.7749420E-01,   520.8347    ,   8.805976    ,   0.000000    ,   530.4904    ,  -1.526978    ,
           1980,            247,   11.71525    ,   4.078047    ,   77.75092    ,  0.6235483    ,   77.06721    ,  0.6015003E-01,  -73.19482    ,   2.522953    ,  0.9279816    ,   2.433083    ,  0.7545794E-01,   2.329731    ,  0.2789406E-01,   1.098765    ,  0.1280584    ,   2.316790    ,  0.2323939E-01,  0.6734575E-01,   19.15008    ,  0.1071601    ,   19.25724    ,   57.67044    ,   0.000000    ,   57.67044    ,   440.0517    ,   0.000000    ,   440.0517    ,   516.8722    ,  0.1071601    ,   516.9794    ,   11.42409    ,   0.000000    ,   532.0377    ,   1.547241    ,
           1980,            248,   12.09160    ,   5.014821    ,   78.99303    ,  0.7643623    ,   78.13282    ,  0.9584367E-01,  -73.96881    ,  0.3763424    ,  0.9367740    ,   1.242120    ,  0.1408139    ,   1.065612    ,  0.3569362E-01,  0.3641570    ,  0.5194588E-01,   2.225492    ,  0.1075257E-01,  0.2373478E-01,   18.09588    ,   1.086674    ,   19.18256    ,   57.20659    ,  0.1276216E-03,   57.20671    ,   437.4213    ,   0.000000    ,   437.4213    ,   512.7238    ,   1.086802    ,   513.8105    ,   13.69548    ,   0.000000    ,   530.1822    ,  -1.855469    ,
           1980,            249,   12.11781    ,   6.687486    ,   79.70808    ,   1.043426    ,   78.52582    ,  0.1388309    ,  -74.85553    ,  0.2621249E-01,   1.672665    ,  0.7150505    ,  0.2790643    ,  0.3929989    ,  0.4298723E-01,  0.2014040E-01,  0.3267891E-02,   1.844991    ,  0.1157511E-01,  0.9583418E-02,   17.39552    ,   1.468576    ,   18.86410    ,   56.51440    ,  0.9365223E-01,   56.60804    ,   434.9565    ,   0.000000    ,   434.9565    ,   508.8665    ,   1.562228    ,   510.4286    ,   15.70107    ,   0.000000    ,   528.0194    ,  -2.162781    ,
           1980,            250,   12.17775    ,   8.842488    ,   80.32300    ,   1.401533    ,   78.73287    ,  0.1885663    ,  -75.84314    ,  0.5993047E-01,   2.155004    ,  0.6148956    ,  0.3581075    ,  0.2070527    ,  0.4973536E-01,  0.2634433E-02,  0.2357054E-03,   1.340268    ,  0.1425916E-01,  0.9745468E-02,   17.41638    ,  0.9137721    ,   18.33016    ,   55.89587    ,  0.5251404E-01,   55.94839    ,   432.4723    ,   0.000000    ,   432.4723    ,   505.7845    ,  0.9662861    ,   506.7508    ,   17.47688    ,   0.000000    ,   525.5948    ,  -2.424622    ,
           1980,            251,   17.43768    ,   10.32388    ,   82.31295    ,   1.684461    ,   80.38395    ,  0.2445155    ,  -76.74963    ,   5.259933    ,   1.481393    ,   1.989952    ,  0.2829277    ,   1.651075    ,  0.5594920E-01,  0.5692559E-02,  0.1536737    ,  0.9284597    ,  0.1790910E-01,  0.3556439E-01,   18.39439    ,  0.6949126E-01,   18.46388    ,   55.27138    ,  0.3469015E-01,   55.30608    ,   430.2568    ,   0.000000    ,   430.2568    ,   503.9226    ,  0.1041814    ,   504.0268    ,   19.05598    ,   0.000000    ,   524.2241    ,  -1.370728    ,
           1980,            252,   17.60020    ,   12.13579    ,   84.17721    ,   2.084607    ,   81.78633    ,  0.3062494    ,  -77.46429    ,  0.1625190    ,   1.811905    ,   1.864266    ,  0.4001457    ,   1.402387    ,  0.6173382E-01,  0.1426947    ,  0.3900208E-01,  0.7106255    ,  0.5952719E-02,  0.2582889E-01,   18.44412    ,  0.5860215    ,   19.03015    ,   55.31111    ,  0.1521464E-02,   55.31263    ,   428.2823    ,   0.000000    ,   428.2823    ,   502.0375    ,  0.5875430    ,   502.6250    ,   20.48456    ,   0.000000    ,   524.0337    , -0.1903687    ,
           1980,            253,   17.60020    ,   13.95151    ,   84.80071    ,   2.422981    ,   82.00434    ,  0.3733738    ,  -78.28003    ,   0.000000    ,   1.815721    ,  0.6235139    ,  0.3383744    ,  0.2180151    ,  0.6712444E-01,  0.2237779E-04,  0.3400147E-08,  0.5585480    ,  0.5041485E-02,  0.3381914E-02,   17.19813    ,   1.246367    ,   18.44450    ,   54.49263    ,  0.7429358E-02,   54.50006    ,   426.3513    ,   0.000000    ,   426.3513    ,   498.0421    ,   1.253796    ,   499.2959    ,   21.78431    ,   0.000000    ,   521.6473    ,  -2.386353    ,
           1980,            254,   17.60020    ,   15.80842    ,   85.32288    ,   2.809024    ,   82.06834    ,  0.4455010    ,  -79.15308    ,   0.000000    ,   1.856918    ,  0.5221710    ,  0.3860424    ,  0.6400134E-01,  0.7212721E-01,  0.2447850E-05,  0.2074496E-08,  0.4078839    ,  0.2107539E-02,  0.3396121E-02,   17.33865    ,  0.7510900    ,   18.08975    ,   53.48230    ,  0.2566299E-02,   53.48486    ,   424.4629    ,   0.000000    ,   424.4629    ,   495.2839    ,  0.7536563    ,   496.0375    ,   22.96618    ,   0.000000    ,   519.4171    ,  -2.230225    ,
           1980,            255,   17.73018    ,   17.27777    ,   85.76197    ,   3.112353    ,   82.12732    ,  0.5222713    ,  -80.04401    ,  0.1299844    ,   1.469337    ,  0.4390775    ,  0.3033292    ,  0.5897790E-01,  0.7677033E-01,  0.7868392E-03,  0.2376592E-02,  0.2869183    ,  0.9239342E-03,  0.1883372E-02,   17.46461    ,  0.3220817    ,   17.78669    ,   52.63863    ,   0.000000    ,   52.63863    ,   422.7044    ,   0.000000    ,   422.7044    ,   492.8076    ,  0.3220817    ,   493.1297    ,   24.04398    ,   0.000000    ,   517.4666    ,  -1.950562    ,
           1980,            256,   31.26393    ,   18.24180    ,   95.11245    ,   3.345714    ,   91.16334    ,  0.6033766    ,  -80.66296    ,   13.53375    ,  0.9640353    ,   9.350482    ,  0.2333616    ,   9.036016    ,  0.8110547E-01,  0.1839624E-01,  0.2469624    ,  0.2121522    ,  0.2641599E-02,  0.1329001    ,   19.74954    ,  0.7819289E-05,   19.74955    ,   52.53751    ,   0.000000    ,   52.53751    ,   421.1370    ,   0.000000    ,   421.1370    ,   493.4240    ,  0.7819289E-05,   493.4240    ,   25.03493    ,   0.000000    ,   519.0720    ,   1.605469    ,
           1980,            257,   39.79943    ,   19.53212    ,   100.6336    ,   3.484159    ,   96.46081    ,  0.6885911    ,  -80.97107    ,   8.535499    ,   1.290311    ,   5.521124    ,  0.1384439    ,   5.297466    ,  0.8521440E-01,  0.7884429    ,  0.2179732    ,   1.791698    ,  0.2821174E-01,  0.3538840    ,   19.84858    ,  0.1916949E-03,   19.84877    ,   53.09806    ,   0.000000    ,   53.09806    ,   419.9318    ,   0.000000    ,   419.9318    ,   492.8784    ,  0.1916949E-03,   492.8786    ,   25.96140    ,   0.000000    ,   522.0203    ,   2.948303    ,
           1980,            258,   39.83966    ,   20.61358    ,   101.6638    ,   3.685172    ,   97.20084    ,  0.7777548    ,  -81.33044    ,  0.4023768E-01,   1.081467    ,   1.030213    ,  0.2010130    ,  0.7400358    ,  0.8916375E-01,  0.2951536    ,  0.3092520E-01,   2.321645    ,  0.2407437E-01,  0.2522806    ,   18.56761    ,  0.4917979    ,   19.05940    ,   52.98275    ,   0.000000    ,   52.98275    ,   418.8572    ,   0.000000    ,   418.8572    ,   490.4076    ,  0.4917979    ,   490.8994    ,   26.84095    ,   0.000000    ,   520.6644    ,  -1.355957    ,
           1980,            259,   40.26740    ,   21.80309    ,   102.1702    ,   3.865666    ,   97.43382    ,  0.8707026    ,  -81.74933    ,  0.4277259    ,   1.189511    ,  0.5064165    ,  0.1804936    ,  0.2329752    ,  0.9294767E-01,  0.8316918E-01,  0.1289210E-01,   2.082788    ,  0.2365664E-01,  0.1246097    ,   18.23766    ,  0.3090654    ,   18.54673    ,   52.75689    ,   0.000000    ,   52.75689    ,   417.7184    ,   0.000000    ,   417.7184    ,   488.7130    ,  0.3090654    ,   489.0220    ,   27.67421    ,   0.000000    ,   519.0233    ,  -1.641052    ,
           1980,            260,   41.80540    ,   22.69424    ,   102.8555    ,   4.031781    ,   97.85643    ,  0.9672649    ,  -82.18542    ,   1.537991    ,  0.8911490    ,  0.6852763    ,  0.1661152    ,  0.4225989    ,  0.9656227E-01,  0.2411644E-01,  0.4630839E-01,   1.955037    ,  0.6884825E-02,  0.2893645E-01,   15.92495    ,   2.476876    ,   18.40183    ,   52.37967    ,  0.4477510E-02,   52.38414    ,   416.5917    ,   0.000000    ,   416.5917    ,   484.8963    ,   2.481354    ,   487.3777    ,   28.46196    ,   0.000000    ,   517.9009    ,  -1.122375    ,
           1980,            261,   50.55803    ,   23.60047    ,   108.7580    ,   4.148204    ,   103.5425    ,   1.067271    ,  -82.47748    ,   8.752637    ,  0.9062331    ,   5.902545    ,  0.1164223    ,   5.686117    ,  0.1000057    ,  0.2135875    ,  0.2547182    ,   1.793442    ,  0.1476760E-01,  0.1412511    ,   19.70034    ,  0.2098491    ,   19.91019    ,   52.50629    ,  0.7971705E-02,   52.51426    ,   415.4987    ,   0.000000    ,   415.4987    ,   487.7054    ,  0.2178208    ,   487.9232    ,   29.20527    ,   0.000000    ,   519.5463    ,   1.645325    ,
           1980,            262,   55.31001    ,   24.39830    ,   112.2049    ,   4.258077    ,   106.7763    ,   1.170582    ,  -82.69788    ,   4.751974    ,  0.7978311    ,   3.446924    ,  0.1098732    ,   3.233740    ,  0.1033110    ,  0.4576111    ,  0.1718125    ,   2.593334    ,  0.3762977E-01,  0.2286653    ,   19.52418    ,  0.9458099E-01,   19.61875    ,   52.58522    ,  0.1036337E-01,   52.59560    ,   414.6665    ,   0.000000    ,   414.6665    ,   486.7759    ,  0.1049443    ,   486.8809    ,   29.91254    ,   0.000000    ,   520.2825    ,  0.7362671    ,
           1980,            263,   61.66066    ,   25.07108    ,   117.5963    ,   4.364508    ,   111.9547    ,   1.277090    ,  -82.87549    ,   6.350658    ,  0.6727787    ,   5.391323    ,  0.1064308    ,   5.178383    ,  0.1065087    ,  0.1932400    ,  0.2001535    ,   2.660465    ,  0.4881373E-01,  0.3210438    ,   19.89738    ,  0.9318665E-01,   19.99056    ,   52.81753    ,  0.1517737E-01,   52.83271    ,   413.8366    ,   0.000000    ,   413.8366    ,   486.5515    ,  0.1083640    ,   486.6599    ,   30.59126    ,   0.000000    ,   520.6749    ,  0.3923340    ,
           1980,            264,   66.35002    ,   26.24035    ,   119.0575    ,   4.477287    ,   113.1935    ,   1.386698    ,  -83.04211    ,   4.689354    ,   1.169270    ,   1.461206    ,  0.1127789    ,   1.238819    ,  0.1096082    ,  0.3159478    ,  0.9799809E-01,   3.040070    ,  0.2811318E-01,  0.2979223    ,   18.88149    ,  0.7066495    ,   19.58814    ,   52.82695    ,  0.1631194E-02,   52.82858    ,   413.1010    ,   0.000000    ,   413.1010    ,   484.8094    ,  0.7082807    ,   485.5177    ,   31.24418    ,   0.000000    ,   520.5419    , -0.1329346    ,
           1980,            265,   67.03653    ,   27.55532    ,   119.8715    ,   4.516665    ,   113.8555    ,   1.499320    ,  -83.10461    ,  0.6864992    ,   1.314975    ,  0.8139986    ,  0.3937773E-01,  0.6619995    ,  0.1126213    ,  0.9973579    ,  0.9000912E-01,   5.107731    ,  0.9413014E-02,  0.2541398    ,   18.38780    ,  0.8502923    ,   19.23809    ,   52.46840    ,   0.000000    ,   52.46840    ,   412.4066    ,   0.000000    ,   412.4066    ,   483.2628    ,  0.8502923    ,   484.1131    ,   31.87435    ,   0.000000    ,   522.4463    ,   1.904358    ,
           1980,            266,   67.36643    ,   28.27708    ,   120.0462    ,   4.540059    ,   113.8912    ,   1.614860    ,  -83.21558    ,  0.3299029    ,  0.7217556    ,  0.1746588    ,  0.2339309E-01,  0.3572500E-01,  0.1155407    ,  0.2400743    ,  0.3389277E-01,   5.260571    ,  0.2878813E-01,  0.1878618    ,   15.21205    ,   4.151237    ,   19.36329    ,   51.98566    ,  0.1441039E-02,   51.98710    ,   411.6475    ,   0.000000    ,   411.6475    ,   478.8452    ,   4.152678    ,   482.9979    ,   32.48084    ,   0.000000    ,   521.2299    ,  -1.216370    ,
           1980,            267,   68.07627    ,   28.88858    ,   120.1688    ,   4.544109    ,   113.8915    ,   1.733215    ,  -83.32758    ,  0.7098350    ,  0.6115007    ,  0.1227013    ,  0.4050242E-02,  0.2964563E-03,  0.1183546    ,  0.1343450    ,  0.2727917E-01,   5.542727    ,  0.2955241E-01,  0.1389516    ,   15.57405    ,   4.175423    ,   19.74947    ,   51.41786    ,  0.1734150E-01,   51.43521    ,   410.8677    ,   0.000000    ,   410.8677    ,   477.8596    ,   4.192765    ,   482.0524    ,   33.06165    ,   0.000000    ,   520.9869    , -0.2430420    ,
           1980,            268,   68.14227    ,   29.28605    ,   120.2922    ,   4.546304    ,   113.8916    ,   1.854275    ,  -83.44794    ,  0.6599127E-01,  0.3974596    ,  0.1233845    ,  0.2195365E-02,  0.1295456E-03,  0.1210596    ,  0.5219399E-01,  0.9257465E-02,   5.645303    ,  0.3212026E-01,  0.1025720    ,   14.24458    ,   5.893793    ,   20.13837    ,   50.81625    ,  0.2486343E-01,   50.84110    ,   410.1196    ,   0.000000    ,   410.1196    ,   475.1805    ,   5.918656    ,   481.0991    ,   33.61663    ,   0.000000    ,   520.5571    , -0.4298096    ,
           1980,            269,   68.21620    ,   29.70089    ,   120.4162    ,   4.546408    ,   113.8919    ,   1.977930    ,  -83.57983    ,  0.7391895E-01,  0.4148471    ,  0.1239842    ,  0.1033006E-03,  0.2254396E-03,  0.1236554    ,  0.6237819E-02,  0.1628187E-02,   5.562124    ,  0.3588705E-01,  0.7018938E-01,   13.14368    ,   7.549852    ,   20.69353    ,   49.87703    ,  0.3018546    ,   50.17890    ,   409.3264    ,   0.000000    ,   409.3264    ,   472.3471    ,   7.851707    ,   480.1989    ,   34.14616    ,   0.000000    ,   520.0210    , -0.5360718    ,
           1980,            270,   68.25446    ,   30.27573    ,   120.6465    ,   4.546885    ,   113.9956    ,   2.104061    ,  -83.72418    ,  0.3830162E-01,  0.5748457    ,  0.2303215    ,  0.4776377E-03,  0.1037127    ,  0.1261311    ,  0.8471754E-02,  0.5448987E-03,   5.315791    ,  0.1720279E-01,  0.4890451E-01,   13.52477    ,   7.665332    ,   21.19011    ,   49.10555    ,  0.6476502    ,   49.75320    ,   408.4337    ,   0.000000    ,   408.4337    ,   471.0640    ,   8.312983    ,   479.3770    ,   34.64851    ,   0.000000    ,   519.4164    , -0.6045532    ,
           1980,            271,   68.94735    ,   31.10976    ,   122.4087    ,   4.563056    ,   115.6131    ,   2.232538    ,  -83.89697    ,  0.6929355    ,  0.8340219    ,   1.762213    ,  0.1617004E-01,   1.617566    ,  0.1284765    ,  0.1276577E-01,  0.8898317E-02,   4.866367    ,  0.2732558E-01,  0.5887483E-01,   16.07795    ,   5.055138    ,   21.13309    ,   48.37764    ,   1.255070    ,   49.63269    ,   407.4999    ,   0.000000    ,   407.4999    ,   471.9555    ,   6.310208    ,   478.2657    ,   35.12202    ,   0.000000    ,   518.3619    ,  -1.054565    ,
           1980,            272,   70.18179    ,   31.99198    ,   123.7042    ,   4.590573    ,   116.7504    ,   2.363241    ,  -84.11768    ,   1.234433    ,  0.8822168    ,   1.295475    ,  0.2751787E-01,   1.137254    ,  0.1307037    ,  0.1919658E-01,  0.5542239E-01,   4.363427    ,  0.1827692E-01,  0.9884668E-01,   16.73868    ,   3.440648    ,   20.17932    ,   48.36691    ,   1.351312    ,   49.71822    ,   406.6335    ,   0.000000    ,   406.6335    ,   471.7391    ,   4.791961    ,   476.5311    ,   35.56960    ,   0.000000    ,   516.6558    ,  -1.706116    ,
           1980,            273,   74.58099    ,   33.02501    ,   126.4754    ,   4.628215    ,   119.3511    ,   2.496066    ,  -84.32855    ,   4.399189    ,   1.033042    ,   2.771220    ,  0.3764189E-01,   2.600754    ,  0.1328247    ,  0.1169736    ,  0.1894931    ,   4.032525    ,  0.2497332E-01,  0.1801778    ,   18.40526    ,   1.757757    ,   20.16302    ,   48.78174    ,   1.186165    ,   49.96791    ,   405.8301    ,   0.000000    ,   405.8301    ,   473.0171    ,   2.943922    ,   475.9610    ,   35.99400    ,   0.000000    ,   516.4991    , -0.1566162    ,
           1980,            274,   77.13598    ,   34.03625    ,   128.8338    ,   4.680822    ,   121.5221    ,   2.630921    ,  -84.52185    ,   2.554996    ,   1.011243    ,   2.358420    ,  0.5260727E-01,   2.170958    ,  0.1348554    ,  0.1270225    ,  0.1185825    ,   3.872588    ,  0.1419278E-01,  0.2393774    ,   18.71284    ,   1.622255    ,   20.33509    ,   49.81382    ,  0.5696954    ,   50.38350    ,   405.1294    ,   0.000000    ,   405.1294    ,   473.6561    ,   2.191950    ,   475.8480    ,   36.39871    ,   0.000000    ,   516.6183    ,  0.1192017    ,
           1980,            275,   77.54832    ,   34.34263    ,   128.9810    ,   4.687680    ,   121.5256    ,   2.767735    ,  -84.73297    ,  0.4123595    ,  0.3063677    ,  0.1471907    ,  0.6858255E-02,  0.3519085E-02,  0.1368134    ,  0.7394768E-01,  0.2196562E-01,   3.973996    ,  0.8986859E-02,  0.1589822    ,   14.46525    ,   5.421736    ,   19.88699    ,   50.16211    ,  0.4877611E-01,   50.21089    ,   404.5403    ,   0.000000    ,   404.5403    ,   469.1677    ,   5.470512    ,   474.6382    ,   36.78745    ,   0.000000    ,   515.6634    , -0.9549561    ,
           1980,            276,   77.55318    ,   34.94710    ,   129.3620    ,   4.701103    ,   121.7544    ,   2.906441    ,  -84.94745    ,  0.4891993E-02,  0.6044717    ,  0.3809370    ,  0.1342296E-01,  0.2288078    ,  0.1387063    ,  0.2467065E-01,  0.3011256E-02,   4.034773    ,  0.6944792E-02,  0.7657890E-01,   12.84528    ,   7.334080    ,   20.17936    ,   49.27945    ,  0.4526054    ,   49.73206    ,   403.9117    ,   0.000000    ,   403.9117    ,   466.0364    ,   7.786685    ,   473.8231    ,   37.16193    ,   0.000000    ,   515.1309    , -0.5324707    ,
           1980,            277,   77.57404    ,   35.69749    ,   129.6721    ,   4.708873    ,   121.9162    ,   3.046956    ,  -85.18030    ,  0.2086554E-01,  0.7503863    ,  0.3100877    ,  0.7769969E-02,  0.1618032    ,  0.1405146    ,  0.4668569E-02,  0.4685124E-04,   3.904394    ,  0.1294650E-01,  0.2078844E-01,   12.96125    ,   7.227007    ,   20.18825    ,   48.67356    ,  0.6694452    ,   49.34301    ,   403.0951    ,   0.000000    ,   403.0951    ,   464.7299    ,   7.896452    ,   472.6263    ,   37.51849    ,   0.000000    ,   514.0875    ,  -1.043396    ,
           1980,            278,   77.57404    ,   36.45983    ,   129.9385    ,   4.718040    ,   122.0312    ,   3.189183    ,  -85.43231    ,   0.000000    ,  0.7623258    ,  0.2663901    ,  0.9166905E-02,  0.1149969    ,  0.1422264    ,  0.8538905E-04,  0.5158765E-06,   3.684930    ,  0.8236854E-02,  0.1796326E-02,   13.42588    ,   6.810223    ,   20.23610    ,   48.24780    ,  0.6771188    ,   48.92491    ,   402.2528    ,   0.000000    ,   402.2528    ,   463.9265    ,   7.487341    ,   471.4138    ,   37.85496    ,   0.000000    ,   512.9639    ,  -1.123596    ,
           1980,            279,   77.59012    ,   36.94542    ,   130.2892    ,   4.728137    ,   122.2280    ,   3.333030    ,  -85.69769    ,  0.1611240E-01,  0.4855836    ,  0.3507005    ,  0.1009701E-01,  0.1967568    ,  0.1438467    ,  0.2979126E-03,  0.9536065E-05,   3.414155    ,  0.1013456E-01,  0.4153884E-02,   15.38502    ,   4.905430    ,   20.29045    ,   47.93163    ,  0.6818416    ,   48.61346    ,   401.4846    ,   0.000000    ,   401.4846    ,   464.8013    ,   5.587271    ,   470.3885    ,   38.17253    ,   0.000000    ,   511.9897    , -0.9741821    ,
           1980,            280,   77.59674    ,   37.90206    ,   130.5462    ,   4.747993    ,   122.3198    ,   3.478416    ,  -85.97803    ,  0.6634518E-02,  0.9566432    ,  0.2570180    ,  0.1985663E-01,  0.9177508E-01,  0.1453863    ,  0.1578210E-02,  0.1620897E-04,   3.075962    ,  0.1743055E-01,  0.8604628E-02,   14.67648    ,   5.580313    ,   20.25679    ,   47.81479    ,  0.5619133    ,   48.37671    ,   400.7023    ,   0.000000    ,   400.7023    ,   463.1935    ,   6.142226    ,   469.3358    ,   38.47344    ,   0.000000    ,   510.9128    ,  -1.076904    ,
           1980,            281,   77.59674    ,   39.04074    ,   131.9168    ,   4.842864    ,   123.4486    ,   3.625257    ,  -86.29321    ,   0.000000    ,   1.138682    ,   1.370565    ,  0.9487089E-01,   1.128854    ,  0.1468405    ,  0.3487062E-03,  0.5076321E-05,   2.546778    ,  0.1968486E-01,  0.1145003E-01,   17.50163    ,   2.173799    ,   19.67544    ,   47.13054    ,   1.032127    ,   48.16266    ,   399.8708    ,   0.000000    ,   399.8708    ,   464.5029    ,   3.205926    ,   467.7089    ,   38.75692    ,   0.000000    ,   509.0440    ,  -1.868805    ,
           1980,            282,   77.88538    ,   39.75766    ,   132.1554    ,   4.887753    ,   123.4942    ,   3.773468    ,  -86.64209    ,  0.2886305    ,  0.7169191    ,  0.2386498    ,  0.4488945E-01,  0.4554835E-01,  0.1482119    ,  0.6839566E-02,  0.3418777E-02,   2.261423    ,  0.1714491E-01,  0.1099195E-01,   16.91080    ,   1.604765    ,   18.51557    ,   47.43336    ,  0.7606043    ,   48.19397    ,   399.0822    ,   0.000000    ,   399.0822    ,   463.4264    ,   2.365369    ,   465.7918    ,   39.02364    ,   0.000000    ,   507.1152    ,  -1.928833    ,
           1980,            283,   77.93249    ,   40.00706    ,   132.3049    ,   4.887753    ,   123.4942    ,   3.922982    ,  -86.98633    ,  0.4711058E-01,  0.2494137    ,  0.1495364    ,  0.4513138E-08,  0.2196307E-04,  0.1495144    ,  0.2286118E-01,  0.2851176E-02,   2.201204    ,  0.1378020E-02,  0.7774786E-03,   11.89563    ,   6.769578    ,   18.66521    ,   47.77577    ,  0.1779144    ,   47.95369    ,   398.4757    ,   0.000000    ,   398.4757    ,   458.1472    ,   6.947492    ,   465.0946    ,   39.27639    ,   0.000000    ,   506.6001    , -0.5150757    ,
           1980,            284,   77.95765    ,   40.43110    ,   132.4587    ,   4.890719    ,   123.4942    ,   4.073747    ,  -87.32507    ,  0.2522603E-01,  0.4240397    ,  0.1537292    ,  0.2965721E-02,   0.000000    ,  0.1507635    ,  0.7905898E-03,  0.5193673E-04,   2.197399    ,  0.1329551E-02,  0.7740759E-04,   7.296518    ,   11.92003    ,   19.21654    ,   46.23602    ,   1.025857    ,   47.26187    ,   397.9393    ,   0.000000    ,   397.9393    ,   451.4719    ,   12.94588    ,   464.4177    ,   39.51824    ,   0.000000    ,   506.1357    , -0.4644165    ,
           1980,            285,   78.49770    ,   41.05232    ,   132.6287    ,   4.908756    ,   123.4942    ,   4.225699    ,  -87.65912    ,  0.5400164    ,  0.6212122    ,  0.1699883    ,  0.1803643E-01,   0.000000    ,  0.1519519    ,  0.1707617E-01,  0.3160158E-02,   2.224065    ,  0.1968219E-02,  0.3149719E-03,   7.582917    ,   12.13352    ,   19.71644    ,   44.17124    ,   2.504416    ,   46.67566    ,   397.2716    ,   0.000000    ,   397.2716    ,   449.0257    ,   14.63794    ,   463.6637    ,   39.74788    ,   0.000000    ,   505.6581    , -0.4776001    ,
           1980,            286,   78.76187    ,   41.57899    ,   132.8074    ,   4.934370    ,   123.4942    ,   4.378772    ,  -87.98315    ,  0.2641371    ,  0.5266776    ,  0.1786882    ,  0.2561495E-01,   0.000000    ,  0.1530732    ,  0.5626601E-01,  0.1023382E-01,   2.236045    ,  0.1367605E-02,  0.2486162E-03,   7.576658    ,   12.57869    ,   20.15535    ,   42.97459    ,   3.491282    ,   46.46587    ,   396.5179    ,   0.000000    ,   396.5179    ,   447.0692    ,   16.06997    ,   463.1392    ,   39.96418    ,   0.000000    ,   505.4075    , -0.2506104    ,
           1980,            287,   78.94743    ,   41.94184    ,   133.0016    ,   4.974449    ,   123.4942    ,   4.532901    ,  -88.30280    ,  0.1855668    ,  0.3628485    ,  0.1942071    ,  0.4007887E-01,  0.7363712E-07,  0.1541281    ,  0.1952779E-01,  0.5186181E-02,   2.267397    ,  0.5499484E-03,  0.1487453E-03,   9.296046    ,   11.06279    ,   20.35884    ,   41.94187    ,   4.394549    ,   46.33642    ,   395.8071    ,   0.000000    ,   395.8071    ,   447.0450    ,   15.45734    ,   462.5024    ,   40.16734    ,   0.000000    ,   504.9625    , -0.4449768    ,
           1980,            288,   78.98152    ,   42.18228    ,   133.1664    ,   4.984114    ,   123.4942    ,   4.688024    ,  -88.61768    ,  0.3409350E-01,  0.2404336    ,  0.1647870    ,  0.9664476E-02,   0.000000    ,  0.1551226    ,  0.2978107E-02,  0.3182960E-03,   2.277411    ,  0.2445951E-03,  0.3926187E-05,   6.266253    ,   14.25659    ,   20.52284    ,   41.80047    ,   4.414695    ,   46.21517    ,   395.1502    ,   0.000000    ,   395.1502    ,   443.2170    ,   18.67128    ,   461.8882    ,   40.35853    ,   0.000000    ,   504.5278    , -0.4347229    ,
           1980,            289,   78.98488    ,   42.43321    ,   133.3282    ,   4.989863    ,   123.4942    ,   4.844083    ,  -88.92773    ,  0.3356950E-02,  0.2509325    ,  0.1618091    ,  0.5749372E-02,   0.000000    ,  0.1560597    ,  0.2572539E-02,  0.6489349E-04,   2.283932    ,  0.9411823E-04,  0.1979871E-08,   5.494089    ,   15.26514    ,   20.75923    ,   39.55027    ,   6.523145    ,   46.07342    ,   394.4557    ,   0.000000    ,   394.4557    ,   439.5001    ,   21.78829    ,   461.2883    ,   40.53847    ,   0.000000    ,   504.1134    , -0.4143677    ,
           1980,            290,   79.02232    ,   42.73995    ,   133.4866    ,   4.991365    ,   123.4942    ,   5.001020    ,  -89.23413    ,  0.3743742E-01,  0.3067455    ,  0.1584382    ,  0.1501978E-02,   0.000000    ,  0.1569362    ,  0.9902539E-03,  0.2311412E-04,   2.285598    ,  0.4345156E-03,  0.3154252E-04,   5.427362    ,   15.44059    ,   20.86795    ,   35.06094    ,   11.06181    ,   46.12275    ,   393.6706    ,   0.000000    ,   393.6706    ,   434.1589    ,   26.50240    ,   460.6613    ,   40.70657    ,   0.000000    ,   503.6549    , -0.4585571    ,
           1980,            291,   79.07303    ,   43.20663    ,   133.6736    ,   5.020560    ,   123.4942    ,   5.158767    ,  -89.53851    ,  0.5069346E-01,  0.4666751    ,  0.1869411    ,  0.2919423E-01,   0.000000    ,  0.1577469    ,  0.9335143E-02,  0.1172466E-02,   2.287423    ,  0.2681001E-02,  0.2500596E-03,   6.967452    ,   13.92425    ,   20.89170    ,   32.58040    ,   13.74274    ,   46.32314    ,   392.7735    ,   0.000000    ,   392.7735    ,   432.3213    ,   27.66699    ,   459.9883    ,   40.86189    ,   0.000000    ,   503.1510    , -0.5038452    ,
           1980,            292,   79.21505    ,   43.58730    ,   133.8575    ,   5.045985    ,   123.4942    ,   5.317256    ,  -89.84137    ,  0.1420181    ,  0.3806751    ,  0.1839140    ,  0.2542546E-01,   0.000000    ,  0.1584886    ,  0.6109504E-02,  0.2296895E-02,   2.298818    ,  0.8806300E-03,  0.2403123E-04,   6.106225    ,   14.80365    ,   20.90988    ,   32.58207    ,   13.92790    ,   46.50996    ,   391.8789    ,   0.000000    ,   391.8789    ,   430.5672    ,   28.73155    ,   459.2988    ,   41.00384    ,   0.000000    ,   502.6108    , -0.5401917    ,
           1980,            293,   80.13474    ,   43.94422    ,   134.0349    ,   5.064252    ,   123.4942    ,   5.476426    ,  -90.13159    ,  0.9196941    ,  0.3569146    ,  0.1774361    ,  0.1826675E-01,   0.000000    ,  0.1591693    ,  0.5304044E-01,  0.2809924E-01,   2.650072    ,  0.6417705E-03,  0.3225198E-05,   5.458270    ,   15.47514    ,   20.93340    ,   32.37862    ,   14.35252    ,   46.73114    ,   391.1087    ,   0.000000    ,   391.1087    ,   428.9456    ,   29.82766    ,   458.7733    ,   41.13405    ,   0.000000    ,   502.6392    ,  0.2832031E-01,
           1980,            294,   81.93854    ,   44.26271    ,   134.2094    ,   5.078983    ,   123.4942    ,   5.636230    ,  -90.38635    ,   1.803806    ,  0.3184926    ,  0.1745336    ,  0.1473043E-01,   0.000000    ,  0.1598032    ,  0.2439853    ,  0.4523459E-01,   3.673006    ,  0.4955700E-02,  0.2094447E-03,   5.275582    ,   15.86696    ,   21.14254    ,   32.64908    ,   14.32438    ,   46.97346    ,   390.5030    ,   0.000000    ,   390.5030    ,   428.4277    ,   30.19134    ,   458.6190    ,   41.25522    ,   0.000000    ,   503.8416    ,   1.202423    ,
           1980,            295,   90.58268    ,   44.60886    ,   134.3698    ,   5.078983    ,   123.4942    ,   5.796628    ,  -90.49896    ,   8.644137    ,  0.3461574    ,  0.1603983    ,   0.000000    ,   0.000000    ,  0.1603983    ,   1.675984    ,   0.000000    ,   9.118580    ,   0.000000    ,   0.000000    ,   3.913520    ,   17.43241    ,   21.34594    ,   33.39354    ,   13.80386    ,   47.19740    ,   389.9518    ,   0.000000    ,   389.9518    ,   427.2589    ,   31.23627    ,   458.4951    ,   41.36888    ,   0.000000    ,   510.6585    ,   6.816956    ,
           1980,            296,   90.98225    ,   44.85278    ,   134.5308    ,   5.078983    ,   123.4942    ,   5.957585    ,  -90.57684    ,  0.3995648    ,  0.2439264    ,  0.1609575    ,   0.000000    ,   0.000000    ,  0.1609575    ,   1.730345    ,  0.4415856E-04,   10.82244    ,  0.2458777E-06,   0.000000    ,   3.907636    ,   17.48664    ,   21.39428    ,   32.03394    ,   15.37409    ,   47.40802    ,   389.4112    ,   0.000000    ,   389.4112    ,   425.3528    ,   32.86073    ,   458.2135    ,   41.47561    ,   0.000000    ,   512.2420    ,   1.583466    ,
           1980,            297,   90.98225    ,   45.21314    ,   134.6923    ,   5.078983    ,   123.4942    ,   6.119066    ,  -90.65863    ,  0.2172206E-13,  0.3603488    ,  0.1614813    ,   0.000000    ,   0.000000    ,  0.1614813    ,   1.280597    ,  0.2786278E-01,   11.05380    ,  0.4227204E-05,   0.000000    ,   3.903778    ,   17.53462    ,   21.43841    ,   30.09825    ,   17.55580    ,   47.65405    ,   388.8553    ,   0.000000    ,   388.8553    ,   422.8574    ,   35.09042    ,   457.9478    ,   41.57551    ,   0.000000    ,   511.8856    , -0.3564148    ,
           1980,            298,   90.98442    ,   45.66982    ,   134.8543    ,   5.078983    ,   123.4942    ,   6.281034    ,  -90.74719    ,  0.2181077E-02,  0.4566779    ,  0.1619705    ,   0.000000    ,   0.000000    ,  0.1619705    ,  0.6542854    ,  0.4401162E-01,   11.21950    ,  0.4091428E-03,   0.000000    ,   3.914779    ,   17.60679    ,   21.52157    ,   26.44084    ,   21.49074    ,   47.93157    ,   388.2997    ,   0.000000    ,   388.2997    ,   418.6553    ,   39.09753    ,   457.7528    ,   41.66876    ,   0.000000    ,   511.3398    , -0.5458374    ,
           1980,            299,   98.24768    ,   45.90094    ,   135.0167    ,   5.078983    ,   123.4942    ,   6.443460    ,  -90.81659    ,   7.263260    ,  0.2311140    ,  0.1624264    ,   0.000000    ,   0.000000    ,  0.1624264    ,  0.5964194    ,  0.2875386E-01,   12.27800    ,  0.4455429E-03,   0.000000    ,   3.932448    ,   17.67651    ,   21.60896    ,   24.24348    ,   23.97277    ,   48.21625    ,   387.7570    ,   0.000000    ,   387.7570    ,   415.9329    ,   41.64928    ,   457.5822    ,   41.75563    ,   0.000000    ,   512.2415    ,  0.9017029    ,
           1980,            300,   103.1617    ,   46.21836    ,   135.1795    ,   5.078983    ,   123.4942    ,   6.606310    ,  -90.70941    ,   4.914071    ,  0.3174238    ,  0.1628505    ,   0.000000    ,   0.000000    ,  0.1628505    ,   2.554982    ,  0.8738273E-02,   20.31909    ,  0.7111726E-05,   0.000000    ,   3.903490    ,   17.72048    ,   21.62396    ,   23.58822    ,   24.90602    ,   48.49425    ,   387.2245    ,   0.000000    ,   387.2245    ,   414.7162    ,   42.62650    ,   457.3427    ,   41.83638    ,   0.000000    ,   522.0618    ,   9.820374    ,
           1980,            301,   103.1785    ,   46.48991    ,   135.3428    ,   5.078983    ,   123.4942    ,   6.769555    ,  -90.60522    ,  0.1674275E-01,  0.2715559    ,  0.1632437    ,   0.000000    ,   0.000000    ,  0.1632437    ,   2.156142    ,  0.6084136E-02,   20.91572    ,   0.000000    ,   0.000000    ,   3.902184    ,   17.73636    ,   21.63856    ,   23.38085    ,   25.39505    ,   48.77590    ,   386.6970    ,   0.000000    ,   386.6970    ,   413.9801    ,   43.13142    ,   457.1115    ,   41.91124    ,   0.000000    ,   522.1006    ,  0.3881836E-01,
           1980,            302,   103.1826    ,   46.81088    ,   135.5064    ,   5.078983    ,   123.4942    ,   6.933163    ,  -90.51178    ,  0.4138905E-02,  0.3209711    ,  0.1636074    ,   0.000000    ,   0.000000    ,  0.1636074    ,   1.448208    ,  0.4981132E-01,   21.25846    ,  0.5559461E-02,  0.2109448E-06,   3.901839    ,   17.79987    ,   21.70171    ,   22.68542    ,   26.39460    ,   49.08003    ,   386.1698    ,   0.000000    ,   386.1698    ,   412.7570    ,   44.19447    ,   456.9515    ,   41.98046    ,   0.000000    ,   521.6940    , -0.4066772    ,
           1980,            303,   103.1867    ,   47.35427    ,   135.6703    ,   5.078983    ,   123.4942    ,   7.097106    ,  -90.43091    ,  0.4150618E-02,  0.5433904    ,  0.1639430    ,  0.3921632E-09,   0.000000    ,  0.1639430    ,  0.6143511    ,  0.3394196E-01,   21.59380    ,  0.4526235E-04,   0.000000    ,   3.905061    ,   17.89490    ,   21.79996    ,   21.83113    ,   27.58201    ,   49.41313    ,   385.6412    ,   0.000000    ,   385.6412    ,   411.3774    ,   45.47691    ,   456.8543    ,   42.04431    ,   0.000000    ,   521.1409    , -0.5531006    ,
           1980,            304,   103.1926    ,   47.45349    ,   135.8346    ,   5.078983    ,   123.4942    ,   7.261358    ,  -90.36017    ,  0.5921718E-02,  0.9921963E-01,  0.1642517    ,   0.000000    ,   0.000000    ,  0.1642517    ,  0.2085210    ,  0.1187785E-01,   21.66889    ,  0.2323962E-06,   0.000000    ,   3.901569    ,   17.91203    ,   21.81360    ,   20.62835    ,   29.14009    ,   49.76844    ,   385.1028    ,   0.000000    ,   385.1028    ,   409.6327    ,   47.05212    ,   456.6848    ,   42.10305    ,   0.000000    ,   520.6772    , -0.4636841    ,
           1980,            305,   103.2021    ,   47.45185    ,   135.9991    ,   5.078983    ,   123.4942    ,   7.425893    ,  -90.29407    ,  0.9415047E-02, -0.1637228E-02,  0.1645346    ,  0.6359602E-09,   0.000000    ,  0.1645346    ,  0.1014478    ,  0.5317811E-02,   21.72223    ,  0.3034017E-03,   0.000000    ,   3.907774    ,   17.91421    ,   21.82199    ,   19.25459    ,   30.90059    ,   50.15518    ,   384.5561    ,   0.000000    ,   384.5561    ,   407.7185    ,   48.81481    ,   456.5333    ,   42.15686    ,   0.000000    ,   520.5194    , -0.1577759    ,
           1980,            306,   103.3273    ,   47.48790    ,   136.1639    ,   5.078983    ,   123.4942    ,   7.590688    ,  -90.23315    ,  0.1251890    ,  0.3603832E-01,  0.1647923    ,  0.7461808E-09,   0.000000    ,  0.1647923    ,  0.7335448E-01,  0.6569306E-02,   21.72511    ,  0.7418279E-02,   0.000000    ,   3.926295    ,   17.92054    ,   21.84683    ,   18.64841    ,   31.75878    ,   50.40719    ,   384.0778    ,   0.000000    ,   384.0778    ,   406.6525    ,   49.67932    ,   456.3318    ,   42.20589    ,   0.000000    ,   520.3502    , -0.1692505    ,
           1980,            307,   103.4454    ,   47.58730    ,   136.3290    ,   5.078983    ,   123.4942    ,   7.755713    ,  -90.17499    ,  0.1180939    ,  0.9941272E-01,  0.1650255    ,   0.000000    ,   0.000000    ,  0.1650255    ,  0.8085630E-01,  0.6982993E-02,   21.82190    ,  0.7371717E-04,   0.000000    ,   3.912431    ,   17.97240    ,   21.88482    ,   18.38448    ,   32.22385    ,   50.60833    ,   383.6318    ,   0.000000    ,   383.6318    ,   405.9287    ,   50.19625    ,   456.1250    ,   42.25029    ,   0.000000    ,   520.2851    , -0.6506348E-01,
           1980,            308,   103.5322    ,   47.60749    ,   136.4942    ,   5.078983    ,   123.4942    ,   7.920949    ,  -90.12122    ,  0.8687755E-01,  0.2018771E-01,  0.1652354    ,   0.000000    ,   0.000000    ,  0.1652354    ,  0.5358793E-01,  0.1230446E-02,   21.87482    ,   0.000000    ,   0.000000    ,   3.902052    ,   17.98723    ,   21.88928    ,   17.94211    ,   32.86578    ,   50.80789    ,   383.1981    ,   0.000000    ,   383.1981    ,   405.0423    ,   50.85302    ,   455.8953    ,   42.29026    ,   0.000000    ,   520.1153    , -0.1697998    ,
           1980,            309,   103.5802    ,   47.67119    ,   136.6596    ,   5.078983    ,   123.4942    ,   8.086371    ,  -90.07111    ,  0.4795177E-01,  0.6369516E-01,  0.1654230    ,   0.000000    ,   0.000000    ,  0.1654230    ,  0.4282415E-01,  0.7635211E-02,   21.89719    ,  0.9812588E-02,   0.000000    ,   3.934508    ,   17.97253    ,   21.90703    ,   17.18245    ,   33.82645    ,   51.00890    ,   382.7699    ,   0.000000    ,   382.7699    ,   403.8868    ,   51.79897    ,   455.6858    ,   42.32604    ,   0.000000    ,   519.9693    , -0.1459961    ,
           1980,            310,   103.9194    ,   47.75539    ,   136.8252    ,   5.078983    ,   123.4942    ,   8.251960    ,  -90.02405    ,  0.3391998    ,  0.8420847E-01,  0.1655889    ,  0.9496367E-10,   0.000000    ,  0.1655889    ,  0.2966968E-01,  0.7895872E-02,   22.01109    ,  0.2291856E-05,   0.000000    ,   3.918780    ,   18.01770    ,   21.93647    ,   16.89633    ,   34.30779    ,   51.20413    ,   382.3394    ,   0.000000    ,   382.3394    ,   403.1545    ,   52.32549    ,   455.4799    ,   42.35769    ,   0.000000    ,   519.8863    , -0.8300781E-01,
           1980,            311,   105.6324    ,   47.96387    ,   136.9910    ,   5.078983    ,   123.4942    ,   8.417694    ,  -89.96387    ,   1.712981    ,  0.2084870    ,  0.1657335    ,   0.000000    ,   0.000000    ,  0.1657335    ,  0.3524953    ,  0.1266515E-01,   22.85712    ,   0.000000    ,   0.000000    ,   3.903913    ,   18.03575    ,   21.93966    ,   16.31866    ,   35.07290    ,   51.39155    ,   381.9166    ,   0.000000    ,   381.9166    ,   402.1392    ,   53.10865    ,   455.2478    ,   42.38533    ,   0.000000    ,   520.8554    ,  0.9691162    ,
           1980,            312,   107.6736    ,   48.20189    ,   137.1567    ,   5.078983    ,   123.4942    ,   8.583552    ,  -89.88336    ,   2.041176    ,  0.2380146    ,  0.1658581    ,   0.000000    ,   0.000000    ,  0.1658581    ,  0.7151220    ,  0.1691683E-01,   24.20857    ,  0.7326674E-06,   0.000000    ,   3.902309    ,   18.03971    ,   21.94202    ,   15.60669    ,   35.97164    ,   51.57832    ,   381.5155    ,   0.000000    ,   381.5155    ,   401.0245    ,   54.01135    ,   455.0359    ,   42.40920    ,   0.000000    ,   522.3857    ,   1.530273    ,
           1980,            313,   109.1123    ,   48.50321    ,   137.3228    ,   5.078983    ,   123.4942    ,   8.749516    ,  -89.79193    ,   1.438682    ,  0.3013242    ,  0.1659636    ,   0.000000    ,   0.000000    ,  0.1659636    ,  0.8267769    ,  0.1636351E-01,   25.18373    ,   0.000000    ,   0.000000    ,   3.901626    ,   18.04251    ,   21.94414    ,   14.82568    ,   36.93457    ,   51.76024    ,   381.1235    ,  0.2190000E-04,   381.1235    ,   399.8508    ,   54.97710    ,   454.8279    ,   42.42947    ,   0.000000    ,   523.2842    ,  0.8985596    ,
           1980,            314,   110.7158    ,   48.61693    ,   137.4889    ,   5.078983    ,   123.4942    ,   8.915567    ,  -89.68500    ,   1.603537    ,  0.1137214    ,  0.1660505    ,   0.000000    ,   0.000000    ,  0.1660505    ,   1.112814    ,  0.1907423E-03,   26.39378    ,   0.000000    ,   0.000000    ,   3.901000    ,   18.04470    ,   21.94570    ,   14.22008    ,   37.71584    ,   51.93592    ,   380.7077    ,  0.3372628E-01,   380.7413    ,   398.8287    ,   55.79427    ,   454.6230    ,   42.44623    ,   0.000000    ,   524.5760    ,   1.291748    ,
           1980,            315,   113.5885    ,   48.69418    ,   137.6549    ,   5.078983    ,   123.4942    ,   9.081686    ,  -89.54779    ,   2.872720    ,  0.7725305E-01,  0.1661187    ,  0.8620294E-09,   0.000000    ,  0.1661187    ,   1.555771    ,  0.1006149E-03,   28.52114    ,   0.000000    ,   0.000000    ,   3.901000    ,   18.04588    ,   21.94687    ,   13.33328    ,   38.77488    ,   52.10817    ,   380.2480    ,  0.1195690    ,   380.3676    ,   397.4823    ,   56.94033    ,   454.4226    ,   42.45948    ,   0.000000    ,   526.9592    ,   2.383179    ,
           1980,            316,   115.0062    ,   48.81188    ,   137.8210    ,   5.078983    ,   123.4942    ,   9.247854    ,  -89.38831    ,   1.417614    ,  0.1177005    ,  0.1661683    ,   0.000000    ,   0.000000    ,  0.1661683    ,   1.748610    ,  0.2319291E-02,   30.40145    ,   0.000000    ,   0.000000    ,   3.901000    ,   18.04673    ,   21.94773    ,   12.48549    ,   39.79100    ,   52.27649    ,   379.7827    ,  0.2214254    ,   380.0041    ,   396.1692    ,   58.05916    ,   454.2283    ,   42.46925    ,   0.000000    ,   528.8500    ,   1.890869    ,
           1980,            317,   115.0165    ,   48.87922    ,   137.9871    ,   5.078983    ,   123.4942    ,   9.414053    ,  -89.23480    ,  0.1035144E-01,  0.6734317E-01,  0.1661999    ,   0.000000    ,   0.000000    ,  0.1661999    ,   1.487808    ,  0.4597429E-07,   30.71591    ,   0.000000    ,   0.000000    ,   3.901000    ,   18.04743    ,   21.94843    ,   11.72700    ,   40.71098    ,   52.43799    ,   379.3151    ,  0.3368180    ,   379.6519    ,   394.9431    ,   59.09523    ,   454.0384    ,   42.47564    ,   0.000000    ,   528.7177    , -0.1323242    ,
           1980,            318,   115.0617    ,   48.94131    ,   138.1532    ,   5.078983    ,   123.4942    ,   9.580269    ,  -89.08826    ,  0.4523962E-01,  0.6209595E-01,  0.1662130    ,   0.000000    ,   0.000000    ,  0.1662130    ,   1.245661    ,  0.8084857E-03,   30.92140    ,   0.000000    ,   0.000000    ,   3.901000    ,   18.04789    ,   21.94890    ,   10.55666    ,   42.04370    ,   52.60037    ,   378.7397    ,  0.5691027    ,   379.3087    ,   393.1973    ,   60.66070    ,   453.8580    ,   42.47860    ,   0.000000    ,   528.5045    , -0.2131958    ,
           1980,            319,   115.0779    ,   48.99216    ,   138.3193    ,   5.078983    ,   123.4942    ,   9.746471    ,  -88.94806    ,  0.1618695E-01,  0.5084779E-01,  0.1662040    ,   0.000000    ,   0.000000    ,  0.1662040    ,   1.037979    ,  0.6897342E-03,   31.11140    ,   0.000000    ,   0.000000    ,   3.901000    ,   18.04817    ,   21.94917    ,   9.937237    ,   42.81802    ,   52.75525    ,   377.8379    ,   1.143216    ,   378.9811    ,   391.6761    ,   62.00941    ,   453.6855    ,   42.47742    ,   0.000000    ,   528.3131    , -0.1914062    ,
           1980,            320,   115.2252    ,   49.06476    ,   138.4854    ,   5.078983    ,   123.4942    ,   9.912640    ,  -88.81317    ,  0.1472156    ,  0.7261218E-01,  0.1661692    ,   0.000000    ,   0.000000    ,  0.1661692    ,  0.8801973    ,  0.5487125E-02,   31.32288    ,   0.000000    ,   0.000000    ,   3.901000    ,   18.04834    ,   21.94935    ,   9.857787    ,   43.04222    ,   52.90000    ,   376.8199    ,   1.847700    ,   378.6675    ,   390.5786    ,   62.93826    ,   453.5168    ,   42.47145    ,   0.000000    ,   528.1968    , -0.1162720    ,
           1980,            321,   115.3974    ,   49.06169    ,   138.6514    ,   5.078983    ,   123.4942    ,   10.07875    ,  -88.68378    ,  0.1722446    , -0.3074965E-02,  0.1661078    ,  0.9572446E-10,   0.000000    ,  0.1661078    ,  0.7338662    ,  0.1034725E-03,   31.48743    ,   0.000000    ,   0.000000    ,   3.901000    ,   18.04846    ,   21.94946    ,   9.836380    ,   43.19911    ,   53.03548    ,   375.7249    ,   2.640185    ,   378.3651    ,   389.4623    ,   63.88776    ,   453.3501    ,   42.46052    ,   0.000000    ,   528.0320    , -0.1648560    ,
           1980,            322,   116.0937    ,   49.07090    ,   138.8175    ,   5.078983    ,   123.4942    ,   10.24477    ,  -88.55365    ,  0.6962571    ,  0.9207705E-02,  0.1660169    ,   0.000000    ,   0.000000    ,  0.1660169    ,  0.7408261    ,  0.3751977E-07,   31.96880    ,   0.000000    ,   0.000000    ,   3.901000    ,   18.04853    ,   21.94953    ,   9.822442    ,   43.34651    ,   53.16895    ,   374.5737    ,   3.496584    ,   378.0704    ,   388.2972    ,   64.89162    ,   453.1889    ,   42.44410    ,   0.000000    ,   528.3426    ,  0.3106079    ,
           1980,            323,   117.4466    ,   49.08925    ,   138.9834    ,   5.078983    ,   123.4942    ,   10.41066    ,  -88.41217    ,   1.352988    ,  0.1834918E-01,  0.1658911    ,   0.000000    ,   0.000000    ,  0.1658911    ,  0.9930303    ,  0.3883754E-07,   33.06386    ,   0.000000    ,   0.000000    ,   3.901000    ,   18.04856    ,   21.94956    ,   9.812823    ,   43.48423    ,   53.29706    ,   373.3018    ,   4.484475    ,   377.7863    ,   387.0157    ,   66.01727    ,   453.0329    ,   42.42121    ,   0.000000    ,   529.5111    ,   1.168518    ,
           1980,            324,   122.7571    ,   49.20835    ,   139.1491    ,   5.078983    ,   123.4942    ,   10.57639    ,  -88.22119    ,   5.310425    ,  0.1191007    ,  0.1657370    ,   0.000000    ,   0.000000    ,  0.1657370    ,   1.807979    ,  0.1882129E-07,   36.70102    ,   0.000000    ,   0.000000    ,   3.901000    ,   18.04858    ,   21.94958    ,   9.808125    ,   43.60753    ,   53.41566    ,   371.9010    ,   5.613049    ,   377.5141    ,   385.6101    ,   67.26917    ,   452.8793    ,   42.39300    ,   0.000000    ,   533.7813    ,   4.270203    ,
           1980,            325,   125.5371    ,   49.28463    ,   139.3147    ,   5.078983    ,   123.4942    ,   10.74193    ,  -88.01123    ,   2.780002    ,  0.7627273E-01,  0.1655335    ,  0.7797632E-10,   0.000000    ,  0.1655335    ,   1.952123    ,  0.2809727E-07,   38.67034    ,   0.000000    ,   0.000000    ,   3.901000    ,   18.04859    ,   21.94959    ,   9.804824    ,   43.72368    ,   53.52851    ,   370.4530    ,   6.802753    ,   377.2557    ,   384.1588    ,   68.57503    ,   452.7338    ,   42.35567    ,   0.000000    ,   535.7120    ,   1.930664    ,
           1980,            326,   141.0185    ,   49.35281    ,   139.4799    ,   5.078983    ,   123.4942    ,   10.90716    ,  -87.72443    ,   15.48141    ,  0.6818622E-01,  0.1652368    ,   0.000000    ,   0.000000    ,  0.1652368    ,   2.608342    ,  0.1996926E-07,   44.93847    ,   0.000000    ,   0.000000    ,   3.901000    ,   18.04859    ,   21.94959    ,   9.801814    ,   43.83646    ,   53.63828    ,   368.9265    ,   8.092511    ,   377.0192    ,   382.6294    ,   69.97757    ,   452.6070    ,   42.30119    ,   0.000000    ,   542.4550    ,   6.743042    ,
           1980,            327,   142.2863    ,   49.45559    ,   139.6448    ,   5.078983    ,   123.4942    ,   11.07206    ,  -87.31122    ,   1.267863    ,  0.1027766    ,  0.1648940    ,   0.000000    ,   0.000000    ,  0.1648940    ,   3.118140    ,  0.1536028E-08,   55.73795    ,   0.000000    ,   0.000000    ,   3.901000    ,   18.04860    ,   21.94959    ,   9.799649    ,   43.94567    ,   53.74531    ,   367.2805    ,   9.514453    ,   376.7950    ,   380.9812    ,   71.50871    ,   452.4899    ,   42.23784    ,   0.000000    ,   553.5839    ,   11.12885    ,
           1980,            328,   142.3020    ,   49.56953    ,   139.8091    ,   5.078983    ,   123.4942    ,   11.23643    ,  -86.91046    ,  0.1565741E-01,  0.1139363    ,  0.1643710    ,   0.000000    ,   0.000000    ,  0.1643710    ,   2.709408    ,  0.8896591E-08,   56.10643    ,   0.000000    ,   0.000000    ,   3.901000    ,   18.04860    ,   21.94959    ,   9.798017    ,   44.05109    ,   53.84911    ,   365.7011    ,   10.90954    ,   376.6107    ,   379.4001    ,   73.00923    ,   452.4094    ,   42.14054    ,   0.000000    ,   553.3658    , -0.2180786    ,
           1980,            329,   142.7862    ,   49.61322    ,   139.9729    ,   5.078983    ,   123.4942    ,   11.40014    ,  -86.52026    ,  0.4842454    ,  0.4368436E-01,  0.1637144    ,   0.000000    ,   0.000000    ,  0.1637144    ,   2.389357    ,  0.3043523E-09,   56.48763    ,   0.000000    ,   0.000000    ,   3.901000    ,   18.04860    ,   21.94959    ,   9.796300    ,   44.15417    ,   53.95047    ,   364.1281    ,   12.32878    ,   376.4569    ,   377.8254    ,   74.53154    ,   452.3570    ,   42.01773    ,   0.000000    ,   553.2519    , -0.1138916    ,
           1980,            330,   144.1143    ,   49.65967    ,   140.1359    ,   5.078983    ,   123.4942    ,   11.56314    ,  -86.13104    ,   1.328016    ,  0.4645146E-01,  0.1629970    ,   0.000000    ,   0.000000    ,  0.1629970    ,   2.280826    ,  0.7355154E-09,   57.48322    ,   0.000000    ,   0.000000    ,   3.901000    ,   18.04860    ,   21.94959    ,   9.793982    ,   44.25478    ,   54.04876    ,   362.5391    ,   13.78083    ,   376.3199    ,   376.2340    ,   76.08420    ,   452.3182    ,   41.88303    ,   0.000000    ,   553.9653    ,  0.7133789    ,
           1980,            331,   145.2176    ,   49.68791    ,   140.2981    ,   5.078983    ,   123.4942    ,   11.72541    ,  -85.73328    ,   1.103334    ,  0.2823187E-01,  0.1622711    ,   0.000000    ,   0.000000    ,  0.1622711    ,   2.263467    ,  0.6270167E-09,   59.18195    ,   0.000000    ,   0.000000    ,   3.901000    ,   18.04860    ,   21.94959    ,   9.791421    ,   44.35339    ,   54.14481    ,   360.9289    ,   15.25907    ,   376.1880    ,   374.6213    ,   77.66106    ,   452.2823    ,   41.74652    ,   0.000000    ,   555.4743    ,   1.509033    ,
           1980,            332,   151.5385    ,   49.96891    ,   140.4597    ,   5.078983    ,   123.4942    ,   11.88691    ,  -85.32892    ,   6.320885    ,  0.2809983    ,  0.1615010    ,   0.000000    ,   0.000000    ,  0.1615010    ,   2.218994    ,  0.3166057E-07,   60.77044    ,   0.000000    ,   0.000000    ,   3.901000    ,   18.04860    ,   21.94959    ,   9.788786    ,   44.45006    ,   54.23885    ,   359.2841    ,   16.78423    ,   376.0683    ,   372.9739    ,   79.28289    ,   452.2568    ,   41.60129    ,   0.000000    ,   556.8477    ,   1.373413    ,
           1980,            333,   153.8557    ,   50.40465    ,   140.6203    ,   5.078983    ,   123.4942    ,   12.04760    ,  -84.86487    ,   2.317241    ,  0.4357378    ,  0.1606891    ,   0.000000    ,   0.000000    ,  0.1606891    ,   2.630488    ,   0.000000    ,   66.70541    ,   0.000000    ,   0.000000    ,   3.901000    ,   18.04860    ,   21.94959    ,   9.787150    ,   44.54378    ,   54.33092    ,   357.6460    ,   18.31484    ,   375.9608    ,   371.3341    ,   80.90722    ,   452.2413    ,   41.44773    ,   0.000000    ,   563.0250    ,   6.177246    ,
           1980,            334,   161.1020    ,   50.50698    ,   140.7802    ,   5.078983    ,   123.4942    ,   12.20746    ,  -84.36487    ,   7.246321    ,  0.1023289    ,  0.1598598    ,   0.000000    ,   0.000000    ,  0.1598598    ,   2.745029    ,  0.5529993E-08,   70.93243    ,   0.000000    ,   0.000000    ,   3.901000    ,   18.04860    ,   21.94959    ,   9.785684    ,   44.63547    ,   54.42116    ,   356.1306    ,   19.72939    ,   375.8600    ,   369.8173    ,   82.41345    ,   452.2307    ,   41.29062    ,   0.000000    ,   567.1988    ,   4.173828    ,
           1980,            335,   163.4110    ,   50.63234    ,   140.9392    ,   5.078983    ,   123.4942    ,   12.36649    ,  -83.82605    ,   2.309037    ,  0.1253611    ,  0.1590310    ,   0.000000    ,   0.000000    ,  0.1590310    ,   2.866299    ,   0.000000    ,   75.52024    ,   0.000000    ,   0.000000    ,   3.901000    ,   18.04860    ,   21.94959    ,   9.784009    ,   44.72568    ,   54.50970    ,   354.6703    ,   21.09160    ,   375.7619    ,   368.3553    ,   83.86588    ,   452.2212    ,   41.13338    ,   0.000000    ,   571.7411    ,   4.542358    ,
           1980,            336,   165.0846    ,   50.71434    ,   141.0974    ,   5.078983    ,   123.4942    ,   12.52470    ,  -83.28906    ,   1.673670    ,  0.8200399E-01,  0.1582071    ,   0.000000    ,   0.000000    ,  0.1582071    ,   2.688709    ,   0.000000    ,   76.77609    ,   0.000000    ,   0.000000    ,   3.901000    ,   18.04860    ,   21.94959    ,   9.782417    ,   44.81423    ,   54.59665    ,   353.2703    ,   22.39555    ,   375.6658    ,   366.9537    ,   85.25838    ,   452.2120    ,   40.97686    ,   0.000000    ,   572.6538    ,  0.9126587    ,
           1980,            337,   168.8381    ,   50.81895    ,   141.2548    ,   5.078983    ,   123.4942    ,   12.68208    ,  -82.73737    ,   3.753416    ,  0.1046149    ,  0.1573867    ,   0.000000    ,   0.000000    ,  0.1573867    ,   2.702945    ,   0.000000    ,   79.38000    ,   0.000000    ,   0.000000    ,   3.901000    ,   18.04860    ,   21.94959    ,   9.780450    ,   44.90165    ,   54.68209    ,   351.9038    ,   23.66776    ,   375.5717    ,   365.5853    ,   86.61800    ,   452.2033    ,   40.82080    ,   0.000000    ,   575.1070    ,   2.453186    ,
           1980,            338,   180.5025    ,   50.96064    ,   141.4114    ,   5.078983    ,   123.4942    ,   12.83865    ,  -82.14105    ,   11.66445    ,  0.1416977    ,  0.1565706    ,   0.000000    ,   0.000000    ,  0.1565706    ,   2.874745    ,   0.000000    ,   84.68834    ,   0.000000    ,   0.000000    ,   3.901000    ,   18.04860    ,   21.94959    ,   9.778405    ,   44.98765    ,   54.76606    ,   350.5278    ,   24.95156    ,   375.4794    ,   364.2072    ,   87.98781    ,   452.1951    ,   40.66534    ,   0.000000    ,   580.4234    ,   5.316406    ,
           1980,            339,   191.2283    ,   51.20998    ,   141.5672    ,   5.078983    ,   123.4942    ,   12.99441    ,  -81.37915    ,   10.72581    ,  0.2493382    ,  0.1557595    ,   0.000000    ,   0.000000    ,  0.1557595    ,   3.269834    ,   0.000000    ,   101.4588    ,   0.000000    ,   0.000000    ,   3.901000    ,   18.04860    ,   21.94959    ,   9.776469    ,   45.07208    ,   54.84855    ,   349.1492    ,   26.23955    ,   375.3888    ,   362.8267    ,   89.36023    ,   452.1869    ,   40.51062    ,   0.000000    ,   597.4261    ,   17.00275    ,
           1980,            340,   191.4363    ,   51.26479    ,   141.7221    ,   5.078983    ,   123.4942    ,   13.14937    ,  -80.61987    ,  0.2079945    ,  0.5480358E-01,  0.1549525    ,   0.000000    ,   0.000000    ,  0.1549525    ,   2.989701    ,   0.000000    ,   103.1697    ,   0.000000    ,   0.000000    ,   3.901000    ,   18.04860    ,   21.94959    ,   9.774310    ,   45.15526    ,   54.92957    ,   347.7610    ,   27.53913    ,   375.3000    ,   361.4363    ,   90.74298    ,   452.1791    ,   40.35646    ,   0.000000    ,   598.6951    ,   1.268982    ,
           1980,            341,   191.4671    ,   51.28709    ,   141.8763    ,   5.078983    ,   123.4942    ,   13.30352    ,  -79.87732    ,  0.3079760E-01,  0.2229780E-01,  0.1541498    ,   0.000000    ,   0.000000    ,  0.1541498    ,   2.679564    ,   0.000000    ,   103.5206    ,   0.000000    ,   0.000000    ,   3.901000    ,   18.04860    ,   21.94959    ,   9.772303    ,   45.23684    ,   55.00914    ,   346.3540    ,   28.85897    ,   375.2130    ,   360.0273    ,   92.14440    ,   452.1718    ,   40.20292    ,   0.000000    ,   598.5749    , -0.1202393    ,
           1980,            342,   191.5721    ,   51.32225    ,   142.0296    ,   5.078983    ,   123.4942    ,   13.45687    ,  -79.15106    ,  0.1049699    ,  0.3516532E-01,  0.1533522    ,   0.000000    ,   0.000000    ,  0.1533522    ,   2.395555    ,   0.000000    ,   103.8466    ,   0.000000    ,   0.000000    ,   3.901000    ,   18.04860    ,   21.94959    ,   9.770231    ,   45.31702    ,   55.08725    ,   344.9333    ,   30.19431    ,   375.1277    ,   358.6046    ,   93.55993    ,   452.1645    ,   40.05014    ,   0.000000    ,   598.4568    , -0.1180420    ,
           1980,            343,   193.5526    ,   51.36840    ,   142.1822    ,   5.078983    ,   123.4942    ,   13.60943    ,  -78.42938    ,   1.980565    ,  0.4614368E-01,  0.1525595    ,   0.000000    ,   0.000000    ,  0.1525595    ,   2.271564    ,   0.000000    ,   105.1288    ,   0.000000    ,   0.000000    ,   3.901000    ,   18.04860    ,   21.94959    ,   9.768049    ,   45.39582    ,   55.16388    ,   343.4733    ,   31.57073    ,   375.0439    ,   357.1423    ,   95.01515    ,   452.1574    ,   39.89810    ,   0.000000    ,   599.4560    ,  0.9991455    ,
           1980,            344,   196.8258    ,   51.41653    ,   142.3339    ,   5.078983    ,   123.4942    ,   13.76120    ,  -77.69727    ,   3.273133    ,  0.4813736E-01,  0.1517700    ,   0.000000    ,   0.000000    ,  0.1517700    ,   2.329882    ,   0.000000    ,   107.7193    ,   0.000000    ,   0.000000    ,   3.901000    ,   18.04860    ,   21.94959    ,   9.765822    ,   45.47313    ,   55.23895    ,   341.9696    ,   32.99271    ,   374.9624    ,   355.6364    ,   96.51443    ,   452.1510    ,   39.74643    ,   0.000000    ,   601.9466    ,   2.490601    ,
           1980,            345,   202.6878    ,   51.53686    ,   142.4849    ,   5.078983    ,   123.4942    ,   13.91218    ,  -76.93256    ,   5.862023    ,  0.1203255    ,  0.1509835    ,  0.2166346E-09,   0.000000    ,  0.1509835    ,   2.508953    ,  0.1445756E-09,   112.4900    ,   0.000000    ,   0.000000    ,   3.901000    ,   18.04860    ,   21.94959    ,   9.763652    ,   45.54882    ,   55.31247    ,   340.4299    ,   34.45310    ,   374.8829    ,   354.0945    ,   98.05051    ,   452.1450    ,   39.59516    ,   0.000000    ,   606.7392    ,   4.792603    ,
           1980,            346,   207.2208    ,   52.42885    ,   142.6352    ,   5.078983    ,   123.4942    ,   14.06239    ,  -76.15106    ,   4.533002    ,  0.8919920    ,  0.1502023    ,  0.1509987E-06,   0.000000    ,  0.1502022    ,   2.408813    ,  0.1311661E-08,   115.9878    ,   0.000000    ,   0.000000    ,   3.901000    ,   18.04860    ,   21.94959    ,   9.761881    ,   45.62251    ,   55.38439    ,   338.8831    ,   35.92214    ,   374.8053    ,   352.5460    ,   99.59325    ,   452.1393    ,   39.44463    ,   0.000000    ,   609.9805    ,   3.241272    ,
           1980,            347,   208.0470    ,   52.93914    ,   142.7846    ,   5.078983    ,   123.4942    ,   14.21181    ,  -75.35944    ,  0.8262189    ,  0.5102879    ,  0.1494259    ,   0.000000    ,   0.000000    ,  0.1494259    ,   2.271410    ,  0.5539617E-07,   118.8857    ,   0.000000    ,   0.000000    ,   3.901000    ,   18.04860    ,   21.94959    ,   9.760880    ,   45.69389    ,   55.45477    ,   337.4012    ,   37.32801    ,   374.7292    ,   351.0630    ,   101.0705    ,   452.1336    ,   39.29489    ,   0.000000    ,   612.5856    ,   2.605103    ,
           1980,            348,   208.2869    ,   53.01434    ,   142.9332    ,   5.078983    ,   123.4942    ,   14.36047    ,  -74.58331    ,  0.2399182    ,  0.7520365E-01,  0.1486547    ,  0.5839514E-09,   0.000000    ,  0.1486547    ,   1.953002    ,  0.2071296E-05,   119.3023    ,   0.000000    ,   0.000000    ,   3.901000    ,   18.04860    ,   21.94959    ,   9.760096    ,   45.76367    ,   55.52377    ,   336.0294    ,   38.62535    ,   374.6547    ,   349.6905    ,   102.4376    ,   452.1281    ,   39.14592    ,   0.000000    ,   612.5292    , -0.5633545E-01,
           1980,            349,   212.0147    ,   53.05229    ,   143.0811    ,   5.078983    ,   123.4942    ,   14.50835    ,  -73.80383    ,   3.727759    ,  0.3795365E-01,  0.1478885    ,   0.000000    ,   0.000000    ,  0.1478885    ,   1.989899    ,  0.4024806E-06,   121.3488    ,   0.000000    ,   0.000000    ,   3.901000    ,   18.04860    ,   21.94959    ,   9.759103    ,   45.83241    ,   55.59151    ,   334.7023    ,   39.87930    ,   374.5816    ,   348.3624    ,   103.7603    ,   452.1227    ,   38.99771    ,   0.000000    ,   614.4590    ,   1.929810    ,
           1980,            350,   212.1903    ,   53.04594    ,   143.2283    ,   5.078983    ,   123.4942    ,   14.65548    ,  -73.02313    ,  0.1756737    , -0.6356959E-02,  0.1471273    ,  0.5851508E-08,   0.000000    ,  0.1471273    ,   1.889221    ,  0.4048365E-01,   123.2483    ,   0.000000    ,   0.000000    ,   3.901000    ,   18.04860    ,   21.94960    ,   9.758213    ,   45.89980    ,   55.65802    ,   333.3925    ,   41.11737    ,   374.5098    ,   347.0517    ,   105.0658    ,   452.1174    ,   38.85026    ,   0.000000    ,   616.1457    ,   1.686646    ,
           1980,            351,   212.2937    ,   53.90808    ,   143.3746    ,   5.078983    ,   123.4942    ,   14.80185    ,  -72.26105    ,  0.1033868    ,  0.8621395    ,  0.1463711    ,  0.1967827E-08,   0.000000    ,  0.1463711    ,   1.165988    ,  0.5163702E-01,   123.6777    ,   0.000000    ,   0.000000    ,   3.901000    ,   18.04860    ,   21.94961    ,   9.757545    ,   45.96579    ,   55.72333    ,   332.1411    ,   42.29823    ,   374.4393    ,   345.7996    ,   106.3126    ,   452.1123    ,   38.70359    ,   0.000000    ,   615.7111    , -0.4346313    ,
           1980,            352,   212.3285    ,   54.04553    ,   143.5203    ,   5.078983    ,   123.4942    ,   14.94747    ,  -71.51959    ,  0.3472272E-01,  0.1374588    ,  0.1456197    ,   0.000000    ,   0.000000    ,  0.1456197    ,  0.5559768    ,  0.1149237E-05,   123.7678    ,   0.000000    ,   0.000000    ,   3.901000    ,   18.04860    ,   21.94961    ,   9.756977    ,   46.03053    ,   55.78749    ,   330.9838    ,   43.38596    ,   374.3698    ,   344.6418    ,   107.4651    ,   452.1069    ,   38.55764    ,   0.000000    ,   614.9883    , -0.7227173    ,
           1980,            353,   212.3841    ,   54.03219    ,   143.6651    ,   5.078983    ,   123.4942    ,   15.09234    ,  -70.79266    ,  0.5557884E-01, -0.1335042E-01,  0.1448732    ,   0.000000    ,   0.000000    ,  0.1448732    ,  0.4839234    ,   0.000000    ,   123.8694    ,   0.000000    ,   0.000000    ,   3.901000    ,   18.04860    ,   21.94961    ,   9.756059    ,   46.09455    ,   55.85062    ,   329.8950    ,   44.40674    ,   374.3017    ,   343.5521    ,   108.5499    ,   452.1020    ,   38.41245    ,   0.000000    ,   614.8677    , -0.1206055    ,
           1980,            354,   213.8614    ,   54.05164    ,   143.8093    ,   5.078983    ,   123.4942    ,   15.23647    ,  -70.07648    ,   1.477339    ,  0.1945414E-01,  0.1441314    ,   0.000000    ,   0.000000    ,  0.1441314    ,  0.5429295    ,   0.000000    ,   124.2422    ,   0.000000    ,   0.000000    ,   3.901000    ,   18.04860    ,   21.94961    ,   9.754528    ,   46.15819    ,   55.91272    ,   328.7516    ,   45.48307    ,   374.2346    ,   342.4071    ,   109.6899    ,   452.0970    ,   38.26799    ,   0.000000    ,   615.1501    ,  0.2824097    ,
           1980,            355,   218.7921    ,   54.15510    ,   143.9527    ,   5.078983    ,   123.4942    ,   15.37987    ,  -69.33606    ,   4.930700    ,  0.1034605    ,  0.1433945    ,   0.000000    ,   0.000000    ,  0.1433945    ,   1.388516    ,  0.1603815E-08,   127.6769    ,   0.000000    ,   0.000000    ,   3.901000    ,   18.04860    ,   21.94961    ,   9.753382    ,   46.22035    ,   55.97374    ,   327.4805    ,   46.68834    ,   374.1689    ,   341.1349    ,   110.9573    ,   452.0922    ,   38.12426    ,   0.000000    ,   619.2819    ,   4.131775    ,
           1980,            356,   222.0637    ,   54.22981    ,   144.0953    ,   5.078983    ,   123.4942    ,   15.52253    ,  -68.58234    ,   3.271551    ,  0.7470815E-01,  0.1426624    ,   0.000000    ,   0.000000    ,  0.1426624    ,   1.764279    ,  0.6823480E-08,   130.4319    ,   0.000000    ,   0.000000    ,   3.901000    ,   18.04860    ,   21.94961    ,   9.752632    ,   46.28094    ,   56.03358    ,   326.1685    ,   47.93570    ,   374.1042    ,   339.8222    ,   112.2652    ,   452.0874    ,   37.98128    ,   0.000000    ,   622.2649    ,   2.982971    ,
           1980,            357,   229.4025    ,   54.37961    ,   144.2373    ,   5.078983    ,   123.4942    ,   15.66446    ,  -67.79346    ,   7.338809    ,  0.1498029    ,  0.1419350    ,   0.000000    ,   0.000000    ,  0.1419350    ,   2.279282    ,  0.2105517E-06,   135.5310    ,   0.000000    ,   0.000000    ,   3.901000    ,   18.04860    ,   21.94961    ,   9.752501    ,   46.33976    ,   56.09225    ,   324.8871    ,   49.15384    ,   374.0410    ,   338.5406    ,   113.5422    ,   452.0829    ,   37.83903    ,   0.000000    ,   627.7321    ,   5.467224    ,
           1980,            358,   234.1961    ,   54.51903    ,   144.3785    ,   5.078983    ,   123.4942    ,   15.80567    ,  -66.95825    ,   4.793497    ,  0.1394265    ,  0.1412123    ,   0.000000    ,   0.000000    ,  0.1412123    ,   2.669616    ,   0.000000    ,   142.1890    ,   0.000000    ,   0.000000    ,   3.901000    ,   18.04860    ,   21.94961    ,   9.752501    ,   46.39732    ,   56.14981    ,   323.6607    ,   50.31818    ,   373.9789    ,   337.3142    ,   114.7641    ,   452.0783    ,   37.69750    ,   0.000000    ,   634.6345    ,   6.902344    ,
           1980,            359,   235.1487    ,   54.56347    ,   144.5190    ,   5.078983    ,   123.4942    ,   15.94617    ,  -66.12848    ,  0.9526667    ,  0.4442972E-01,  0.1404942    ,   0.000000    ,   0.000000    ,  0.1404942    ,   2.489941    ,   0.000000    ,   143.5693    ,   0.000000    ,   0.000000    ,   3.901000    ,   18.04860    ,   21.94961    ,   9.752501    ,   46.45382    ,   56.20630    ,   322.5016    ,   51.41640    ,   373.9180    ,   336.1551    ,   115.9188    ,   452.0739    ,   37.55668    ,   0.000000    ,   635.6899    ,   1.055420    ,
           1980,            360,   241.8186    ,   54.63125    ,   144.6588    ,   5.078983    ,   123.4942    ,   16.08595    ,  -65.28455    ,   6.669861    ,  0.6779031E-01,  0.1397807    ,   0.000000    ,   0.000000    ,  0.1397807    ,   2.534501    ,  0.1792466E-07,   146.9338    ,   0.000000    ,   0.000000    ,   3.901000    ,   18.04860    ,   21.94961    ,   9.752501    ,   46.50931    ,   56.26180    ,   321.3599    ,   52.49821    ,   373.8581    ,   335.0134    ,   117.0561    ,   452.0695    ,   37.41658    ,   0.000000    ,   638.9545    ,   3.264587    ,
           1980,            361,   246.1540    ,   54.91418    ,   144.7978    ,   5.078983    ,   123.4942    ,   16.22502    ,  -64.41724    ,   4.335462    ,  0.2829099    ,  0.1390718    ,   0.000000    ,   0.000000    ,  0.1390718    ,   2.593869    ,  0.2785284E-04,   151.4618    ,   0.000000    ,   0.000000    ,   3.901000    ,   18.04860    ,   21.94961    ,   9.752501    ,   46.56382    ,   56.31633    ,   320.2193    ,   53.57998    ,   373.7993    ,   333.8728    ,   118.1924    ,   452.0652    ,   37.27719    ,   0.000000    ,   643.3983    ,   4.443848    ,
           1980,            362,   265.4627    ,   55.70941    ,   144.9362    ,   5.078983    ,   123.4942    ,   16.36339    ,  -63.43134    ,   19.30860    ,  0.7952293    ,  0.1383674    ,   0.000000    ,   0.000000    ,  0.1383674    ,   2.808846    ,   0.000000    ,   167.1752    ,   0.000000    ,   0.000000    ,   3.901000    ,   18.04860    ,   21.94961    ,   9.752501    ,   46.61738    ,   56.36989    ,   319.0949    ,   54.64657    ,   373.7415    ,   332.7484    ,   119.3126    ,   452.0610    ,   37.13849    ,   0.000000    ,   659.1837    ,   15.78534    ,
           1980,            363,   267.7757    ,   56.13823    ,   145.0738    ,   5.078983    ,   123.4942    ,   16.50105    ,  -62.40289    ,   2.313017    ,  0.4288217    ,  0.1376675    ,  0.1823621E-07,   0.000000    ,  0.1376675    ,   2.789607    ,  0.4616545E-06,   174.4155    ,   0.000000    ,   0.000000    ,   3.901000    ,   18.04860    ,   21.94961    ,   9.752501    ,   46.67002    ,   56.42253    ,   318.0369    ,   55.64783    ,   373.6848    ,   331.6904    ,   120.3664    ,   452.0569    ,   37.00049    ,   0.000000    ,   666.2625    ,   7.078857    ,
           1980,            364,   268.9941    ,   56.36422    ,   145.2108    ,   5.078983    ,   123.4942    ,   16.63803    ,  -61.38708    ,   1.218351    ,  0.2259986    ,  0.1369721    ,   0.000000    ,   0.000000    ,  0.1369721    ,   2.411127    ,  0.5013900E-06,   175.4649    ,   0.000000    ,   0.000000    ,   3.901000    ,   18.04860    ,   21.94961    ,   9.752501    ,   46.72180    ,   56.47430    ,   317.0677    ,   56.56109    ,   373.6288    ,   330.7213    ,   121.3315    ,   452.0527    ,   36.86320    ,   0.000000    ,   666.7921    ,  0.5295410    ,
           1980,            365,   269.3189    ,   56.40274    ,   145.3471    ,   5.078983    ,   123.4942    ,   16.77431    ,  -60.38062    ,  0.3247622    ,  0.3851351E-01,  0.1362811    ,   0.000000    ,   0.000000    ,  0.1362811    ,   2.166317    ,  0.1710281E-05,   176.7759    ,   0.000000    ,   0.000000    ,   3.901000    ,   18.04860    ,   21.94961    ,   9.752501    ,   46.77281    ,   56.52531    ,   316.1475    ,   57.42631    ,   373.5738    ,   329.8010    ,   122.2477    ,   452.0487    ,   36.72661    ,   0.000000    ,   667.7175    ,  0.9254761    ,
           1980,            366,   269.3197    ,   56.53342    ,   145.4827    ,   5.078983    ,   123.4942    ,   16.90990    ,  -59.39178    ,  0.8057738E-03,  0.1306707    ,  0.1355946    ,  0.3332569E-08,   0.000000    ,  0.1355946    ,   1.867065    ,  0.4370814E-06,   177.0224    ,   0.000000    ,   0.000000    ,   3.901000    ,   18.04860    ,   21.94961    ,   9.752501    ,   46.82308    ,   56.57559    ,   315.2441    ,   58.27542    ,   373.5195    ,   328.8976    ,   123.1471    ,   452.0447    ,   36.59069    ,   0.000000    ,   667.5251    , -0.1924438    ,
